"0","str(experiment.aggregate)
"
"1","Formal class"
"1",""
"1"," '"
"1",""
"1","Seurat"
"1",""
"1","' [package """
"1",""
"1","SeuratObject"
"1",""
"1","""] with "
"1",""
"1","13 slots"
"1",""
"1","
"
"1","  .."
"1",""
"1","@ "
"1",""
"1","assays      "
"1",""
"1",":"
"1","List"
"1",""
"1"," of "
"1",""
"1","1"
"1",""
"1","
"
"1","  .. .."
"1",""
"1","$ "
"1",""
"1","RNA"
"1",""
"1",":"
"1","Formal class"
"1",""
"1"," '"
"1",""
"1","Assay"
"1",""
"1","' [package """
"1",""
"1","SeuratObject"
"1",""
"1","""] with "
"1",""
"1","8 slots"
"1",""
"1","
"
"1","  .. .. .. .."
"1",""
"1","@ "
"1",""
"1","counts       "
"1",""
"1",":"
"1","Formal class"
"1",""
"1"," '"
"1",""
"1","dgCMatrix"
"1",""
"1","' [package """
"1",""
"1","Matrix"
"1",""
"1","""] with "
"1",""
"1","6 slots"
"1",""
"1","
"
"1","  .. .. .. .. .. .."
"1",""
"1","@ "
"1",""
"1","i       "
"1",""
"1",":"
"1"," int [1:1397545] "
"1",""
"1","2 11 22 25 32 129 631 704 809 866"
"1",""
"1"," ..."
"1",""
"1","
"
"1","  .. .. .. .. .. .."
"1",""
"1","@ "
"1",""
"1","p       "
"1",""
"1",":"
"1"," int [1:2731] "
"1",""
"1","0 394 748 1244 1820 2360 2753 3179 3512 3850"
"1",""
"1"," ..."
"1",""
"1","
"
"1","  .. .. .. .. .. .."
"1",""
"1","@ "
"1",""
"1","Dim     "
"1",""
"1",":"
"1"," int [1:2] "
"1",""
"1","46924 2730"
"1",""
"1","
"
"1","  .. .. .. .. .. .."
"1",""
"1","@ "
"1",""
"1","Dimnames"
"1",""
"1",":"
"1","List"
"1",""
"1"," of "
"1",""
"1","2"
"1",""
"1","
"
"1","  .. .. .. .. .. .. .."
"1",""
"1","$ "
"1",""
"1",""
"1",""
"1",":"
"1"," chr [1:46924] "
"1",""
"1","""MTCE.1"" ""MTCE.2"" ""nduo-6"" ""ndfl-4"""
"1",""
"1"," ..."
"1",""
"1","
"
"1","  .. .. .. .. .. .. .."
"1",""
"1","$ "
"1",""
"1",""
"1",""
"1",":"
"1"," chr [1:2730] "
"1",""
"1","""AAACCTGGTCACACGC-GABA1"" ""AAACCTGTCACATGCA-GABA1"" ""AAACCTGTCGGAATCT-GABA1"" ""AAACGGGAGCGTGAAC-GABA1"""
"1",""
"1"," ..."
"1",""
"1","
"
"1","  .. .. .. .. .. .."
"1",""
"1","@ "
"1",""
"1","x       "
"1",""
"1",":"
"1"," num [1:1397545] "
"1",""
"1","3 2 5 1 1 1 1 2 1 1"
"1",""
"1"," ..."
"1",""
"1","
"
"1","  .. .. .. .. .. .."
"1",""
"1","@ "
"1",""
"1","factors "
"1",""
"1",":"
"1"," "
"1",""
"1","list()
"
"1","  .. .. .. .."
"1",""
"1","@ "
"1",""
"1","data         "
"1",""
"1",":"
"1","Formal class"
"1",""
"1"," '"
"1",""
"1","dgCMatrix"
"1",""
"1","' [package """
"1",""
"1","Matrix"
"1",""
"1","""] with "
"1",""
"1","6 slots"
"1",""
"1","
"
"1","  .. .. .. .. .. .."
"1",""
"1","@ "
"1",""
"1","i       "
"1",""
"1",":"
"1"," int [1:1397545] "
"1",""
"1","2 11 22 25 32 129 631 704 809 866"
"1",""
"1"," ..."
"1",""
"1","
"
"1","  .. .. .. .. .. .."
"1",""
"1","@ "
"1",""
"1","p       "
"1",""
"1",":"
"1"," int [1:2731] "
"1",""
"1","0 394 748 1244 1820 2360 2753 3179 3512 3850"
"1",""
"1"," ..."
"1",""
"1","
"
"1","  .. .. .. .. .. .."
"1",""
"1","@ "
"1",""
"1","Dim     "
"1",""
"1",":"
"1"," int [1:2] "
"1",""
"1","46924 2730"
"1",""
"1","
"
"1","  .. .. .. .. .. .."
"1",""
"1","@ "
"1",""
"1","Dimnames"
"1",""
"1",":"
"1","List"
"1",""
"1"," of "
"1",""
"1","2"
"1",""
"1","
"
"1","  .. .. .. .. .. .. .."
"1",""
"1","$ "
"1",""
"1",""
"1",""
"1",":"
"1"," chr [1:46924] "
"1",""
"1","""MTCE.1"" ""MTCE.2"" ""nduo-6"" ""ndfl-4"""
"1",""
"1"," ..."
"1",""
"1","
"
"1","  .. .. .. .. .. .. .."
"1",""
"1","$ "
"1",""
"1",""
"1",""
"1",":"
"1"," chr [1:2730] "
"1",""
"1","""AAACCTGGTCACACGC-GABA1"" ""AAACCTGTCACATGCA-GABA1"" ""AAACCTGTCGGAATCT-GABA1"" ""AAACGGGAGCGTGAAC-GABA1"""
"1",""
"1"," ..."
"1",""
"1","
"
"1","  .. .. .. .. .. .."
"1",""
"1","@ "
"1",""
"1","x       "
"1",""
"1",":"
"1"," num [1:1397545] "
"1",""
"1","3 2 5 1 1 1 1 2 1 1"
"1",""
"1"," ..."
"1",""
"1","
"
"1","  .. .. .. .. .. .."
"1",""
"1","@ "
"1",""
"1","factors "
"1",""
"1",":"
"1"," "
"1",""
"1","list()
"
"1","  .. .. .. .."
"1",""
"1","@ "
"1",""
"1","scale.data   "
"1",""
"1",":"
"1"," num[0 , 0 ] "
"1",""
"1",""
"1",""
"1","
"
"1","  .. .. .. .."
"1",""
"1","@ "
"1",""
"1","key          "
"1",""
"1",":"
"1"," chr "
"1",""
"1","""rna_"""
"1",""
"1","
"
"1","  .. .. .. .."
"1",""
"1","@ "
"1",""
"1","assay.orig   "
"1",""
"1",":"
"1"," NULL
"
"1","  .. .. .. .."
"1",""
"1","@ "
"1",""
"1","var.features "
"1",""
"1",":"
"1"," logi(0) "
"1",""
"1",""
"1",""
"1","
"
"1","  .. .. .. .."
"1",""
"1","@ "
"1",""
"1","meta.features"
"1",""
"1",":"
"1","'data.frame':	"
"1",""
"1","46924"
"1",""
"1"," obs. of  "
"1",""
"1","0"
"1",""
"1"," variable"
"1",""
"1","s"
"1",""
"1","
"
"1","  .. .. .. .."
"1",""
"1","@ "
"1",""
"1","misc         "
"1",""
"1",":"
"1"," "
"1",""
"1","list()
"
"1","  .."
"1",""
"1","@ "
"1",""
"1","meta.data   "
"1",""
"1",":"
"1","'data.frame':	"
"1",""
"1","2730"
"1",""
"1"," obs. of  "
"1",""
"1","3"
"1",""
"1"," variable"
"1",""
"1","s"
"1",""
"1",":"
"1",""
"1","
"
"1","  .. .."
"1",""
"1","$ "
"1",""
"1","orig.ident  "
"1",""
"1",":"
"1"," Factor w/ 2 levels ""GABA1"",""GABA2"": "
"1",""
"1","1 1 1 1 1 1 1 1 1 1"
"1",""
"1"," ..."
"1",""
"1","
"
"1","  .. .."
"1",""
"1","$ "
"1",""
"1","nCount_RNA  "
"1",""
"1",":"
"1"," num [1:2730] "
"1",""
"1","1065 779 1695 1856 1089"
"1",""
"1"," ..."
"1",""
"1","
"
"1","  .. .."
"1",""
"1","$ "
"1",""
"1","nFeature_RNA"
"1",""
"1",":"
"1"," int [1:2730] "
"1",""
"1","394 354 496 576 540 393 426 333 338 471"
"1",""
"1"," ..."
"1",""
"1","
"
"1","  .."
"1",""
"1","@ "
"1",""
"1","active.assay"
"1",""
"1",":"
"1"," chr "
"1",""
"1","""RNA"""
"1",""
"1","
"
"1","  .."
"1",""
"1","@ "
"1",""
"1","active.ident"
"1",""
"1",":"
"1"," Factor w/ 2 levels ""GABA1"",""GABA2"": "
"1",""
"1","1 1 1 1 1 1 1 1 1 1"
"1",""
"1"," ..."
"1",""
"1","
"
"1","  .. .."
"1",""
"1","- attr(*, ""names"")="
"1"," chr [1:2730] "
"1",""
"1","""AAACCTGGTCACACGC-GABA1"" ""AAACCTGTCACATGCA-GABA1"" ""AAACCTGTCGGAATCT-GABA1"" ""AAACGGGAGCGTGAAC-GABA1"""
"1",""
"1"," ..."
"1",""
"1","
"
"1","  .."
"1",""
"1","@ "
"1",""
"1","graphs      "
"1",""
"1",":"
"1"," "
"1",""
"1","list()
"
"1","  .."
"1",""
"1","@ "
"1",""
"1","neighbors   "
"1",""
"1",":"
"1"," "
"1",""
"1","list()
"
"1","  .."
"1",""
"1","@ "
"1",""
"1","reductions  "
"1",""
"1",":"
"1"," "
"1",""
"1","list()
"
"1","  .."
"1",""
"1","@ "
"1",""
"1","images      "
"1",""
"1",":"
"1"," "
"1",""
"1","list()
"
"1","  .."
"1",""
"1","@ "
"1",""
"1","project.name"
"1",""
"1",":"
"1"," chr "
"1",""
"1","""C. elegans scRNA"""
"1",""
"1","
"
"1","  .."
"1",""
"1","@ "
"1",""
"1","misc        "
"1",""
"1",":"
"1"," "
"1",""
"1","list()
"
"1","  .."
"1",""
"1","@ "
"1",""
"1","version     "
"1",""
"1",":"
"1","Classes 'package_version', 'numeric_version'  hidden list"
"1",""
"1"," of "
"1",""
"1","1"
"1",""
"1","
"
"1","  .. .."
"1",""
"1","$ "
"1",""
"1",""
"1",""
"1",":"
"1"," int [1:3] "
"1",""
"1","4 1 4"
"1",""
"1","
"
"1","  .."
"1",""
"1","@ "
"1",""
"1","commands    "
"1",""
"1",":"
"1"," "
"1",""
"1","list()
"
"1","  .."
"1",""
"1","@ "
"1",""
"1","tools       "
"1",""
"1",":"
"1"," "
"1",""
"1","list()
"
